row_id,QuestionId,QuestionText,MC_Answer,StudentExplanation,Category,Misconception
0_0,31772,What fraction of the shape is not shaded? Give your answer in its simplest form. [Image: A triangle split into 9 equal smaller triangles. 6 of them are shaded.],\( \frac{1}{3} \),One-third looks like three-ninths!,True_Correct,
0_1,31772,What fraction of the shape is not shaded? Give your answer in its simplest form. [Image: A triangle split into 9 equal smaller triangles. 6 of them are shaded.],\( \frac{1}{3} \),"It's like one-third, see? Three out of nine!",True_Correct,
0_2,31772,What fraction of the shape is not shaded? Give your answer in its simplest form. [Image: A triangle split into 9 equal smaller triangles. 6 of them are shaded.],\( \frac{1}{3} \),"“Um, I saw one-th...",True_Correct,
0_3,31772,What fraction of the shape is not shaded? Give your answer in its simplest form. [Image: A triangle split into 9 equal smaller triangles. 6 of them are shaded.],\( \frac{1}{3} \),One-third looks like three parts!,True_Correct,
0_4,31772,What fraction of the shape is not shaded? Give your answer in its simplest form. [Image: A triangle split into 9 equal smaller triangles. 6 of them are shaded.],\( \frac{1}{3} \),"Like, one-third's three-ninths!",True_Correct,
0_5,31772,What fraction of the shape is not shaded? Give your answer in its simplest form. [Image: A triangle split into 9 equal smaller triangles. 6 of them are shaded.],\( \frac{1}{3} \),One-third! See three parts!,True_Correct,
0_6,31772,What fraction of the shape is not shaded? Give your answer in its simplest form. [Image: A triangle split into 9 equal smaller triangles. 6 of them are shaded.],\( \frac{1}{3} \),"Um, like, one-third…is three-ninths?",True_Correct,
0_7,31772,What fraction of the shape is not shaded? Give your answer in its simplest form. [Image: A triangle split into 9 equal smaller triangles. 6 of them are shaded.],\( \frac{1}{3} \),"Like, one-third's three-ninths! My teacher said so.",True_Correct,
0_8,31772,What fraction of the shape is not shaded? Give your answer in its simplest form. [Image: A triangle split into 9 equal smaller triangles. 6 of them are shaded.],\( \frac{1}{3} \),One-third looks like three-ninths!,True_Correct,
0_9,31772,What fraction of the shape is not shaded? Give your answer in its simplest form. [Image: A triangle split into 9 equal smaller triangles. 6 of them are shaded.],\( \frac{1}{3} \),One-third looks like three-ni...,True_Correct,
1_0,31772,What fraction of the shape is not shaded? Give your answer in its simplest form. [Image: A triangle split into 9 equal smaller triangles. 6 of them are shaded.],\( \frac{1}{3} \),"I said one-third! 'Cause six are colored, so three aren't. My teacher said th...",True_Correct,
1_1,31772,What fraction of the shape is not shaded? Give your answer in its simplest form. [Image: A triangle split into 9 equal smaller triangles. 6 of them are shaded.],\( \frac{1}{3} \),"I see six triangles are colored. Nine total. So, three aren't! That’s...",True_Correct,
1_2,31772,What fraction of the shape is not shaded? Give your answer in its simplest form. [Image: A triangle split into 9 equal smaller triangles. 6 of them are shaded.],\( \frac{1}{3} \),"Um, six are colored...so maybe like, one-third isn't? My teac...",True_Correct,
1_3,31772,What fraction of the shape is not shaded? Give your answer in its simplest form. [Image: A triangle split into 9 equal smaller triangles. 6 of them are shaded.],\( \frac{1}{3} \),"Yeah, I got 1/3 'cause six are shaded, so that means three aren't! My teacher said to simplify too.",True_Correct,
1_4,31772,What fraction of the shape is not shaded? Give your answer in its simplest form. [Image: A triangle split into 9 equal smaller triangles. 6 of them are shaded.],\( \frac{1}{3} \),"I got 1/3! 'Cause six are colored, so I thought three weren't—my teacher said that’s how you do it!",True_Correct,
1_5,31772,What fraction of the shape is not shaded? Give your answer in its simplest form. [Image: A triangle split into 9 equal smaller triangles. 6 of them are shaded.],\( \frac{1}{3} \),"Um, I saw six shaded...so three aren't?",True_Correct,
1_6,31772,What fraction of the shape is not shaded? Give your answer in its simplest form. [Image: A triangle split into 9 equal smaller triangles. 6 of them are shaded.],\( \frac{1}{3} \),"I got 1/3 'cause 6's two-thirds, s...",True_Correct,
1_7,31772,What fraction of the shape is not shaded? Give your answer in its simplest form. [Image: A triangle split into 9 equal smaller triangles. 6 of them are shaded.],\( \frac{1}{3} \),"Um, I think… six are shaded, so maybe three aren't? My teacher said to simplify...",True_Correct,
1_8,31772,What fraction of the shape is not shaded? Give your answer in its simplest form. [Image: A triangle split into 9 equal smaller triangles. 6 of them are shaded.],\( \frac{1}{3} \),"Um, I thought six were shaded…so like, three ...",True_Correct,
1_9,31772,What fraction of the shape is not shaded? Give your answer in its simplest form. [Image: A triangle split into 9 equal smaller triangles. 6 of them are shaded.],\( \frac{1}{3} \),I got 1/3 'cause 6/9 simplifies!,True_Correct,
2_0,31772,What fraction of the shape is not shaded? Give your answer in its simplest form. [Image: A triangle split into 9 equal smaller triangles. 6 of them are shaded.],\( \frac{1}{3} \),It's like half of six!,True_Neither,
2_1,31772,What fraction of the shape is not shaded? Give your answer in its simplest form. [Image: A triangle split into 9 equal smaller triangles. 6 of them are shaded.],\( \frac{1}{3} \),"Like, six out of nine is kinda like one-half!",True_Neither,
2_2,31772,What fraction of the shape is not shaded? Give your answer in its simplest form. [Image: A triangle split into 9 equal smaller triangles. 6 of them are shaded.],\( \frac{1}{3} \),"Um... I think three-sixths are like, a part of it? So, maybe one-third?",True_Neither,
2_3,31772,What fraction of the shape is not shaded? Give your answer in its simplest form. [Image: A triangle split into 9 equal smaller triangles. 6 of them are shaded.],\( \frac{1}{3} \),"See? Six are colored, so I thought three weren't!",True_Neither,
2_4,31772,What fraction of the shape is not shaded? Give your answer in its simplest form. [Image: A triangle split into 9 equal smaller triangles. 6 of them are shaded.],\( \frac{1}{3} \),"Um... six are shaded? So, like, three aren't?",True_Neither,
2_5,31772,What fraction of the shape is not shaded? Give your answer in its simplest form. [Image: A triangle split into 9 equal smaller triangles. 6 of them are shaded.],\( \frac{1}{3} \),I saw six shaded triangles. My teacher said one-third is lik...,True_Neither,
2_6,31772,What fraction of the shape is not shaded? Give your answer in its simplest form. [Image: A triangle split into 9 equal smaller triangles. 6 of them are shaded.],\( \frac{1}{3} \),Six shaded? Three parts total! It's easy!,True_Neither,
2_7,31772,What fraction of the shape is not shaded? Give your answer in its simplest form. [Image: A triangle split into 9 equal smaller triangles. 6 of them are shaded.],\( \frac{1}{3} \),My teacher said fractions can be tricky! I saw six shaded triangles out of nine....,True_Neither,
2_8,31772,What fraction of the shape is not shaded? Give your answer in its simplest form. [Image: A triangle split into 9 equal smaller triangles. 6 of them are shaded.],\( \frac{1}{3} \),"Like, six shaded triangles out of nine... that's kinda like one-third, I guess?",True_Neither,
2_9,31772,What fraction of the shape is not shaded? Give your answer in its simplest form. [Image: A triangle split into 9 equal smaller triangles. 6 of them are shaded.],\( \frac{1}{3} \),"""I saw six shaded triangles out of nine—like half of three is one!""",True_Neither,
3_0,31772,What fraction of the shape is not shaded? Give your answer in its simplest form. [Image: A triangle split into 9 equal smaller triangles. 6 of them are shaded.],\( \frac{1}{3} \),"Three divides the whole, so one-third’s unshaded!",True_Neither,
3_1,31772,What fraction of the shape is not shaded? Give your answer in its simplest form. [Image: A triangle split into 9 equal smaller triangles. 6 of them are shaded.],\( \frac{1}{3} \),"One's in all of them, see? Like my teacher ...",True_Neither,
3_2,31772,What fraction of the shape is not shaded? Give your answer in its simplest form. [Image: A triangle split into 9 equal smaller triangles. 6 of them are shaded.],\( \frac{1}{3} \),"""I saw three groups of three!""",True_Neither,
3_3,31772,What fraction of the shape is not shaded? Give your answer in its simplest form. [Image: A triangle split into 9 equal smaller triangles. 6 of them are shaded.],\( \frac{1}{3} \),Three divides both numerator and ...,True_Neither,
3_4,31772,What fraction of the shape is not shaded? Give your answer in its simplest form. [Image: A triangle split into 9 equal smaller triangles. 6 of them are shaded.],\( \frac{1}{3} \),"'Cause 3 fits in 9, see?",True_Neither,
3_5,31772,What fraction of the shape is not shaded? Give your answer in its simplest form. [Image: A triangle split into 9 equal smaller triangles. 6 of them are shaded.],\( \frac{1}{3} \),Three divides evenly into nine!,True_Neither,
3_6,31772,What fraction of the shape is not shaded? Give your answer in its simplest form. [Image: A triangle split into 9 equal smaller triangles. 6 of them are shaded.],\( \frac{1}{3} \),"Yeah, I just looked at how many total triangles there are!",True_Neither,
3_7,31772,What fraction of the shape is not shaded? Give your answer in its simplest form. [Image: A triangle split into 9 equal smaller triangles. 6 of them are shaded.],\( \frac{1}{3} \),"Um, like, three fits in nine... so?",True_Neither,
3_8,31772,What fraction of the shape is not shaded? Give your answer in its simplest form. [Image: A triangle split into 9 equal smaller triangles. 6 of them are shaded.],\( \frac{1}{3} \),"My teacher said, I see three groups of three! So one-third isn't shaded.",True_Neither,
3_9,31772,What fraction of the shape is not shaded? Give your answer in its simplest form. [Image: A triangle split into 9 equal smaller triangles. 6 of them are shaded.],\( \frac{1}{3} \),"Um, like, I saw three...and then divided?",True_Neither,
4_0,31772,What fraction of the shape is not shaded? Give your answer in its simplest form. [Image: A triangle split into 9 equal smaller triangles. 6 of them are shaded.],\( \frac{1}{3} \),One-third is unshaded.,True_Correct,
4_1,31772,What fraction of the shape is not shaded? Give your answer in its simplest form. [Image: A triangle split into 9 equal smaller triangles. 6 of them are shaded.],\( \frac{1}{3} \),One third aren’t shaded!,True_Correct,
4_2,31772,What fraction of the shape is not shaded? Give your answer in its simplest form. [Image: A triangle split into 9 equal smaller triangles. 6 of them are shaded.],\( \frac{1}{3} \),One third’s not shaded!,True_Correct,
4_3,31772,What fraction of the shape is not shaded? Give your answer in its simplest form. [Image: A triangle split into 9 equal smaller triangles. 6 of them are shaded.],\( \frac{1}{3} \),Only some triangles aren’t shaded!,True_Correct,
4_4,31772,What fraction of the shape is not shaded? Give your answer in its simplest form. [Image: A triangle split into 9 equal smaller triangles. 6 of them are shaded.],\( \frac{1}{3} \),"Um, like, one par...",True_Correct,
4_5,31772,What fraction of the shape is not shaded? Give your answer in its simplest form. [Image: A triangle split into 9 equal smaller triangles. 6 of them are shaded.],\( \frac{1}{3} \),"My teacher said, ...",True_Correct,
4_6,31772,What fraction of the shape is not shaded? Give your answer in its simplest form. [Image: A triangle split into 9 equal smaller triangles. 6 of them are shaded.],\( \frac{1}{3} \),"Yeah, like, one third’s unshaded!",True_Correct,
4_7,31772,What fraction of the shape is not shaded? Give your answer in its simplest form. [Image: A triangle split into 9 equal smaller triangles. 6 of them are shaded.],\( \frac{1}{3} \),"Yeah, one third isn’t shaded!",True_Correct,
4_8,31772,What fraction of the shape is not shaded? Give your answer in its simplest form. [Image: A triangle split into 9 equal smaller triangles. 6 of them are shaded.],\( \frac{1}{3} \),Three parts shade...,True_Correct,
4_9,31772,What fraction of the shape is not shaded? Give your answer in its simplest form. [Image: A triangle split into 9 equal smaller triangles. 6 of them are shaded.],\( \frac{1}{3} \),"One third isn’t shaded, my tea...",True_Correct,
5_0,31772,What fraction of the shape is not shaded? Give your answer in its simplest form. [Image: A triangle split into 9 equal smaller triangles. 6 of them are shaded.],\( \frac{1}{3} \),It's one-third 'cause six are co...,True_Correct,
5_1,31772,What fraction of the shape is not shaded? Give your answer in its simplest form. [Image: A triangle split into 9 equal smaller triangles. 6 of them are shaded.],\( \frac{1}{3} \),"I got 1/3 'cause 6/9 simplifies, showing unshaded parts.",True_Correct,
5_2,31772,What fraction of the shape is not shaded? Give your answer in its simplest form. [Image: A triangle split into 9 equal smaller triangles. 6 of them are shaded.],\( \frac{1}{3} \),"I see six shaded! Nine triangles total, so three are open.",True_Correct,
5_3,31772,What fraction of the shape is not shaded? Give your answer in its simplest form. [Image: A triangle split into 9 equal smaller triangles. 6 of them are shaded.],\( \frac{1}{3} \),"One third 'cause six are shaded, so that's way more! My teacher s...",True_Correct,
5_4,31772,What fraction of the shape is not shaded? Give your answer in its simplest form. [Image: A triangle split into 9 equal smaller triangles. 6 of them are shaded.],\( \frac{1}{3} \),"""I thought there were three parts, but my teacher said six are colored, so a little bit isn't!""",True_Correct,
5_5,31772,What fraction of the shape is not shaded? Give your answer in its simplest form. [Image: A triangle split into 9 equal smaller triangles. 6 of them are shaded.],\( \frac{1}{3} \),"One-third? Six shaded, so nine minus six... that's three parts unshaded.",True_Correct,
5_6,31772,What fraction of the shape is not shaded? Give your answer in its simplest form. [Image: A triangle split into 9 equal smaller triangles. 6 of them are shaded.],\( \frac{1}{3} \),"I thought 6 were shaded, so I did 9 minus 6! My teacher said that means what's left.",True_Correct,
5_7,31772,What fraction of the shape is not shaded? Give your answer in its simplest form. [Image: A triangle split into 9 equal smaller triangles. 6 of them are shaded.],\( \frac{1}{3} \),"I saw six shaded! So, nine minus six... that's three unshaded. Three out of nine? It’s one-th...",True_Correct,
5_8,31772,What fraction of the shape is not shaded? Give your answer in its simplest form. [Image: A triangle split into 9 equal smaller triangles. 6 of them are shaded.],\( \frac{1}{3} \),"I subtracted two-thirds from one whole, recognizing that represents the unshaded portion.",True_Correct,
5_9,31772,What fraction of the shape is not shaded? Give your answer in its simplest form. [Image: A triangle split into 9 equal smaller triangles. 6 of them are shaded.],\( \frac{1}{3} \),"One-third 'cause six are shaded, so that's two-thirds! My teac...",True_Correct,
6_0,31772,What fraction of the shape is not shaded? Give your answer in its simplest form. [Image: A triangle split into 9 equal smaller triangles. 6 of them are shaded.],\( \frac{1}{3} \),"I saw 3 unshaded parts out of 9, so 1/3!",True_Correct,
6_1,31772,What fraction of the shape is not shaded? Give your answer in its simplest form. [Image: A triangle split into 9 equal smaller triangles. 6 of them are shaded.],\( \frac{1}{3} \),"My teacher said thirds are like ninths! Three-ninths is the same as one-third, so it's right?",True_Correct,
6_2,31772,What fraction of the shape is not shaded? Give your answer in its simplest form. [Image: A triangle split into 9 equal smaller triangles. 6 of them are shaded.],\( \frac{1}{3} \),"My teacher said fractions can be the same! Like, one-third and three-nines—th...",True_Correct,
6_3,31772,What fraction of the shape is not shaded? Give your answer in its simplest form. [Image: A triangle split into 9 equal smaller triangles. 6 of them are shaded.],\( \frac{1}{3} \),"I saw three parts weren't colored, so I thought it was one-third!",True_Correct,
6_4,31772,What fraction of the shape is not shaded? Give your answer in its simplest form. [Image: A triangle split into 9 equal smaller triangles. 6 of them are shaded.],\( \frac{1}{3} \),"I saw three unshaded parts, so I thought it was one-third!",True_Correct,
6_5,31772,What fraction of the shape is not shaded? Give your answer in its simplest form. [Image: A triangle split into 9 equal smaller triangles. 6 of them are shaded.],\( \frac{1}{3} \),"I saw three unshaded parts, so 1/3!",True_Correct,
6_6,31772,What fraction of the shape is not shaded? Give your answer in its simplest form. [Image: A triangle split into 9 equal smaller triangles. 6 of them are shaded.],\( \frac{1}{3} \),"My teacher said 3/9 simplifies to 1/3, so I figured that's how much isn’t shaded!",True_Correct,
6_7,31772,What fraction of the shape is not shaded? Give your answer in its simplest form. [Image: A triangle split into 9 equal smaller triangles. 6 of them are shaded.],\( \frac{1}{3} \),"I saw three unshaded parts, out of nine! My teacher said ...",True_Correct,
6_8,31772,What fraction of the shape is not shaded? Give your answer in its simplest form. [Image: A triangle split into 9 equal smaller triangles. 6 of them are shaded.],\( \frac{1}{3} \),"I saw three unshaded parts out of nine, so 3/9 simplifies to 1/3!",True_Correct,
6_9,31772,What fraction of the shape is not shaded? Give your answer in its simplest form. [Image: A triangle split into 9 equal smaller triangles. 6 of them are shaded.],\( \frac{1}{3} \),"I saw 3 unshaded, so it's 3/9, ...",True_Correct,
7_0,31772,What fraction of the shape is not shaded? Give your answer in its simplest form. [Image: A triangle split into 9 equal smaller triangles. 6 of them are shaded.],\( \frac{1}{3} \),"I saw three parts not shaded, and nine total! So I did nine over three—it's l...",True_Correct,
7_1,31772,What fraction of the shape is not shaded? Give your answer in its simplest form. [Image: A triangle split into 9 equal smaller triangles. 6 of them are shaded.],\( \frac{1}{3} \),I got 1/3 'cause 3 out of 9 makes it simple! My teacher said to simplify.,True_Correct,
7_2,31772,What fraction of the shape is not shaded? Give your answer in its simplest form. [Image: A triangle split into 9 equal smaller triangles. 6 of them are shaded.],\( \frac{1}{3} \),I simplified 3/9 to 1/3.,True_Correct,
7_3,31772,What fraction of the shape is not shaded? Give your answer in its simplest form. [Image: A triangle split into 9 equal smaller triangles. 6 of them are shaded.],\( \frac{1}{3} \),I got 1/3 'cause three-ninths becomes one-third when you divide!,True_Correct,
7_4,31772,What fraction of the shape is not shaded? Give your answer in its simplest form. [Image: A triangle split into 9 equal smaller triangles. 6 of them are shaded.],\( \frac{1}{3} \),"Um, I thought three nines...go...",True_Correct,
7_5,31772,What fraction of the shape is not shaded? Give your answer in its simplest form. [Image: A triangle split into 9 equal smaller triangles. 6 of them are shaded.],\( \frac{1}{3} \),"I saw six shaded, so three aren't! That’s one-third.",True_Correct,
7_6,31772,What fraction of the shape is not shaded? Give your answer in its simplest form. [Image: A triangle split into 9 equal smaller triangles. 6 of them are shaded.],\( \frac{1}{3} \),"I saw three parts not shaded! My teacher said simplify, so that’s 1/3.",True_Correct,
7_7,31772,What fraction of the shape is not shaded? Give your answer in its simplest form. [Image: A triangle split into 9 equal smaller triangles. 6 of them are shaded.],\( \frac{1}{3} \),I got 1/3 'cause three-ninths turns into one-third!,True_Correct,
7_8,31772,What fraction of the shape is not shaded? Give your answer in its simplest form. [Image: A triangle split into 9 equal smaller triangles. 6 of them are shaded.],\( \frac{1}{3} \),"I saw three parts not shaded! Nine total, so one-third, right?",True_Correct,
7_9,31772,What fraction of the shape is not shaded? Give your answer in its simplest form. [Image: A triangle split into 9 equal smaller triangles. 6 of them are shaded.],\( \frac{1}{3} \),I got 1/3; three-ninths simp...,True_Correct,
8_0,31772,What fraction of the shape is not shaded? Give your answer in its simplest form. [Image: A triangle split into 9 equal smaller triangles. 6 of them are shaded.],\( \frac{1}{3} \),"I got 1/3! See, three little triangles aren't shaded out of nine. My teacher said we simplify fractions, so I divided both numbers by 3—easy peasy!",True_Correct,
8_1,31772,What fraction of the shape is not shaded? Give your answer in its simplest form. [Image: A triangle split into 9 equal smaller triangles. 6 of them are shaded.],\( \frac{1}{3} \),"Um, so like, I saw three triangles weren't shaded out of nine. My teacher said we need to simplify. So, um, I divided both numbers by three… and got one-third?",True_Correct,
8_2,31772,What fraction of the shape is not shaded? Give your answer in its simplest form. [Image: A triangle split into 9 equal smaller triangles. 6 of them are shaded.],\( \frac{1}{3} \),"Yeah, so like, three out of the nine triangles aren't shaded! And because both numbers go into 3, I just split 'em both by 3 – easy peasy, that’s how you simplify it to get 1/3.",True_Correct,
8_3,31772,What fraction of the shape is not shaded? Give your answer in its simplest form. [Image: A triangle split into 9 equal smaller triangles. 6 of them are shaded.],\( \frac{1}{3} \),"Like, three parts weren’t colored! Nine total. So, I split both numbers by thr...",True_Correct,
8_4,31772,What fraction of the shape is not shaded? Give your answer in its simplest form. [Image: A triangle split into 9 equal smaller triangles. 6 of them are shaded.],\( \frac{1}{3} \),"I saw 3 unshaded triangles out of 9! My teacher said to simplify, so I divi...",True_Correct,
8_5,31772,What fraction of the shape is not shaded? Give your answer in its simplest form. [Image: A triangle split into 9 equal smaller triangles. 6 of them are shaded.],\( \frac{1}{3} \),"“I saw three triangles weren’t colored! My teacher said we can make fractions smaller. So, I divided both numbers—3 and 9—by 3 'cause they share that number. Then it became 1/3!”",True_Correct,
8_6,31772,What fraction of the shape is not shaded? Give your answer in its simplest form. [Image: A triangle split into 9 equal smaller triangles. 6 of them are shaded.],\( \frac{1}{3} \),"Like, three parts outta nine weren't colored. So I looked for what they both share—it’s 3! Divided top and bottom by it, got 1/3.",True_Correct,
8_7,31772,What fraction of the shape is not shaded? Give your answer in its simplest form. [Image: A triangle split into 9 equal smaller triangles. 6 of them are shaded.],\( \frac{1}{3} \),I got 1/3; my teacher said simplify fractions! Three-ninths simplifies because both sha...,True_Correct,
8_8,31772,What fraction of the shape is not shaded? Give your answer in its simplest form. [Image: A triangle split into 9 equal smaller triangles. 6 of them are shaded.],\( \frac{1}{3} \),"I saw three triangles weren't colored! My teacher said we need to simplify, so I divided both numbers by three—boom, it’s one-third!",True_Correct,
8_9,31772,What fraction of the shape is not shaded? Give your answer in its simplest form. [Image: A triangle split into 9 equal smaller triangles. 6 of them are shaded.],\( \frac{1}{3} \),"I saw 3 unshaded! My teacher said simplify. So, I divided both numbers by 3!",True_Correct,
9_0,31772,What fraction of the shape is not shaded? Give your answer in its simplest form. [Image: A triangle split into 9 equal smaller triangles. 6 of them are shaded.],\( \frac{1}{3} \),"Um, I thought there were three…shaded parts?",True_Neither,
9_1,31772,What fraction of the shape is not shaded? Give your answer in its simplest form. [Image: A triangle split into 9 equal smaller triangles. 6 of them are shaded.],\( \frac{1}{3} \),It's 1/3 'cause some aren’t!,True_Neither,
9_2,31772,What fraction of the shape is not shaded? Give your answer in its simplest form. [Image: A triangle split into 9 equal smaller triangles. 6 of them are shaded.],\( \frac{1}{3} \),One third 'cause some...,True_Neither,
9_3,31772,What fraction of the shape is not shaded? Give your answer in its simplest form. [Image: A triangle split into 9 equal smaller triangles. 6 of them are shaded.],\( \frac{1}{3} \),I got 1/3 'cause only three aren't shaded!,True_Neither,
9_4,31772,What fraction of the shape is not shaded? Give your answer in its simplest form. [Image: A triangle split into 9 equal smaller triangles. 6 of them are shaded.],\( \frac{1}{3} \),"Um, I thought there were three pa...",True_Neither,
9_5,31772,What fraction of the shape is not shaded? Give your answer in its simplest form. [Image: A triangle split into 9 equal smaller triangles. 6 of them are shaded.],\( \frac{1}{3} \),⅓ 'cause only three aren’t shaded!,True_Neither,
9_6,31772,What fraction of the shape is not shaded? Give your answer in its simplest form. [Image: A triangle split into 9 equal smaller triangles. 6 of them are shaded.],\( \frac{1}{3} \),"Um, I thinked 3 were shaded...but not all?",True_Neither,
9_7,31772,What fraction of the shape is not shaded? Give your answer in its simplest form. [Image: A triangle split into 9 equal smaller triangles. 6 of them are shaded.],\( \frac{1}{3} \),"I thought there were three parts that had color, but my teacher said to look at al...",True_Neither,
9_8,31772,What fraction of the shape is not shaded? Give your answer in its simplest form. [Image: A triangle split into 9 equal smaller triangles. 6 of them are shaded.],\( \frac{1}{3} \),1/3 'cause six aren't.,True_Neither,
9_9,31772,What fraction of the shape is not shaded? Give your answer in its simplest form. [Image: A triangle split into 9 equal smaller triangles. 6 of them are shaded.],\( \frac{1}{3} \),It's one out of three that aren’t colored!,True_Neither,
10_0,31772,What fraction of the shape is not shaded? Give your answer in its simplest form. [Image: A triangle split into 9 equal smaller triangles. 6 of them are shaded.],\( \frac{1}{3} \),"I got 1/3 'cause six triangles are colored, and that's one-third of nine!",True_Correct,
10_1,31772,What fraction of the shape is not shaded? Give your answer in its simplest form. [Image: A triangle split into 9 equal smaller triangles. 6 of them are shaded.],\( \frac{1}{3} \),"Yeah, I got six shaded! Like, one-third is easy peasy! My teacher said that's right s...",True_Correct,
10_2,31772,What fraction of the shape is not shaded? Give your answer in its simplest form. [Image: A triangle split into 9 equal smaller triangles. 6 of them are shaded.],\( \frac{1}{3} \),I think it's 1/3 'cause...,True_Correct,
10_3,31772,What fraction of the shape is not shaded? Give your answer in its simplest form. [Image: A triangle split into 9 equal smaller triangles. 6 of them are shaded.],\( \frac{1}{3} \),"I think… um… six are colored, out of nine? So, one-third?",True_Correct,
10_4,31772,What fraction of the shape is not shaded? Give your answer in its simplest form. [Image: A triangle split into 9 equal smaller triangles. 6 of them are shaded.],\( \frac{1}{3} \),"Six out of nine are shaded, thus one-third is unshaded.",True_Correct,
10_5,31772,What fraction of the shape is not shaded? Give your answer in its simplest form. [Image: A triangle split into 9 equal smaller triangles. 6 of them are shaded.],\( \frac{1}{3} \),"My teacher said, ""Look closely!"" Six tria...",True_Correct,
10_6,31772,What fraction of the shape is not shaded? Give your answer in its simplest form. [Image: A triangle split into 9 equal smaller triangles. 6 of them are shaded.],\( \frac{1}{3} \),"Yeah, like, six are shaded out of nine...so I got one-third!",True_Correct,
10_7,31772,What fraction of the shape is not shaded? Give your answer in its simplest form. [Image: A triangle split into 9 equal smaller triangles. 6 of them are shaded.],\( \frac{1}{3} \),"I saw six triangles colored, so I di...",True_Correct,
10_8,31772,What fraction of the shape is not shaded? Give your answer in its simplest form. [Image: A triangle split into 9 equal smaller triangles. 6 of them are shaded.],\( \frac{1}{3} \),"Yeah, like, six are c...",True_Correct,
10_9,31772,What fraction of the shape is not shaded? Give your answer in its simplest form. [Image: A triangle split into 9 equal smaller triangles. 6 of them are shaded.],\( \frac{1}{3} \),"Um, like, I saw six shaded, and my teacher said that's a fract...",True_Correct,
11_0,31772,What fraction of the shape is not shaded? Give your answer in its simplest form. [Image: A triangle split into 9 equal smaller triangles. 6 of them are shaded.],\( \frac{1}{3} \),"I see three unshaded triangles. That's one out of three, so it’s one-third.",True_Correct,
11_1,31772,What fraction of the shape is not shaded? Give your answer in its simplest form. [Image: A triangle split into 9 equal smaller triangles. 6 of them are shaded.],\( \frac{1}{3} \),"I saw three unshaded triangles! That's one out of three, so it’s a third!",True_Correct,
11_2,31772,What fraction of the shape is not shaded? Give your answer in its simplest form. [Image: A triangle split into 9 equal smaller triangles. 6 of them are shaded.],\( \frac{1}{3} \),"I saw three unshaded triangles, so I got 1/3!",True_Correct,
11_3,31772,What fraction of the shape is not shaded? Give your answer in its simplest form. [Image: A triangle split into 9 equal smaller triangles. 6 of them are shaded.],\( \frac{1}{3} \),"Um, I think it's 1/3 'cause, like, there are three unshaded ones? My teacher said look for parts... so maybe?",True_Correct,
11_4,31772,What fraction of the shape is not shaded? Give your answer in its simplest form. [Image: A triangle split into 9 equal smaller triangles. 6 of them are shaded.],\( \frac{1}{3} \),I saw 3 unshaded triangles! My teacher said it's 1/3.,True_Correct,
11_5,31772,What fraction of the shape is not shaded? Give your answer in its simplest form. [Image: A triangle split into 9 equal smaller triangles. 6 of them are shaded.],\( \frac{1}{3} \),"Three unshaded triangles! One out of three, so 1/3.",True_Correct,
11_6,31772,What fraction of the shape is not shaded? Give your answer in its simplest form. [Image: A triangle split into 9 equal smaller triangles. 6 of them are shaded.],\( \frac{1}{3} \),"I got 1/3 'cause three triangles aren't colored, like my teacher said!",True_Correct,
11_7,31772,What fraction of the shape is not shaded? Give your answer in its simplest form. [Image: A triangle split into 9 equal smaller triangles. 6 of them are shaded.],\( \frac{1}{3} \),I saw three unshaded triangles! It’s lik...,True_Correct,
11_8,31772,What fraction of the shape is not shaded? Give your answer in its simplest form. [Image: A triangle split into 9 equal smaller triangles. 6 of them are shaded.],\( \frac{1}{3} \),"I saw 3 unshaded triangles, so 1/3!",True_Correct,
11_9,31772,What fraction of the shape is not shaded? Give your answer in its simplest form. [Image: A triangle split into 9 equal smaller triangles. 6 of them are shaded.],\( \frac{1}{3} \),"I saw three unshaded triangles. So, one out of three parts aren't colored. That’s 1/3!",True_Correct,
12_0,31772,What fraction of the shape is not shaded? Give your answer in its simplest form. [Image: A triangle split into 9 equal smaller triangles. 6 of them are shaded.],\( \frac{1}{3} \),"Um, three-ninths… I think one-thir...",True_Correct,
12_1,31772,What fraction of the shape is not shaded? Give your answer in its simplest form. [Image: A triangle split into 9 equal smaller triangles. 6 of them are shaded.],\( \frac{1}{3} \),It's like three out of nine!,True_Correct,
12_2,31772,What fraction of the shape is not shaded? Give your answer in its simplest form. [Image: A triangle split into 9 equal smaller triangles. 6 of them are shaded.],\( \frac{1}{3} \),My teacher said 3/9 simplifies to ...,True_Correct,
12_3,31772,What fraction of the shape is not shaded? Give your answer in its simplest form. [Image: A triangle split into 9 equal smaller triangles. 6 of them are shaded.],\( \frac{1}{3} \),"Like, three-nines can be one-three!",True_Correct,
12_4,31772,What fraction of the shape is not shaded? Give your answer in its simplest form. [Image: A triangle split into 9 equal smaller triangles. 6 of them are shaded.],\( \frac{1}{3} \),“It simplifies to...,True_Correct,
12_5,31772,What fraction of the shape is not shaded? Give your answer in its simplest form. [Image: A triangle split into 9 equal smaller triangles. 6 of them are shaded.],\( \frac{1}{3} \),My teacher said 3/9 simplifies to 1/3.,True_Correct,
12_6,31772,What fraction of the shape is not shaded? Give your answer in its simplest form. [Image: A triangle split into 9 equal smaller triangles. 6 of them are shaded.],\( \frac{1}{3} \),"Yeah, I simplified 3/9 to 1/3.",True_Correct,
12_7,31772,What fraction of the shape is not shaded? Give your answer in its simplest form. [Image: A triangle split into 9 equal smaller triangles. 6 of them are shaded.],\( \frac{1}{3} \),"Um, so like, three-ninths....",True_Correct,
12_8,31772,What fraction of the shape is not shaded? Give your answer in its simplest form. [Image: A triangle split into 9 equal smaller triangles. 6 of them are shaded.],\( \frac{1}{3} \),"Yeah, so like, 3/9 can become 1/3!",True_Correct,
12_9,31772,What fraction of the shape is not shaded? Give your answer in its simplest form. [Image: A triangle split into 9 equal smaller triangles. 6 of them are shaded.],\( \frac{1}{3} \),"Yeah, so I knew 3/9 simplifies to 1/3!",True_Correct,
13_0,31772,What fraction of the shape is not shaded? Give your answer in its simplest form. [Image: A triangle split into 9 equal smaller triangles. 6 of them are shaded.],\( \frac{1}{3} \),"Um, I think it's one-third 'cause… th...",True_Neither,
13_1,31772,What fraction of the shape is not shaded? Give your answer in its simplest form. [Image: A triangle split into 9 equal smaller triangles. 6 of them are shaded.],\( \frac{1}{3} \),My teacher said o...,True_Neither,
13_2,31772,What fraction of the shape is not shaded? Give your answer in its simplest form. [Image: A triangle split into 9 equal smaller triangles. 6 of them are shaded.],\( \frac{1}{3} \),It's one out of three!,True_Neither,
13_3,31772,What fraction of the shape is not shaded? Give your answer in its simplest form. [Image: A triangle split into 9 equal smaller triangles. 6 of them are shaded.],\( \frac{1}{3} \),"Yeah, so like, one-third ...",True_Neither,
13_4,31772,What fraction of the shape is not shaded? Give your answer in its simplest form. [Image: A triangle split into 9 equal smaller triangles. 6 of them are shaded.],\( \frac{1}{3} \),'Cause one-third looks ...,True_Neither,
13_5,31772,What fraction of the shape is not shaded? Give your answer in its simplest form. [Image: A triangle split into 9 equal smaller triangles. 6 of them are shaded.],\( \frac{1}{3} \),"Yeah, so like, one-third's still one-third, right?",True_Neither,
13_6,31772,What fraction of the shape is not shaded? Give your answer in its simplest form. [Image: A triangle split into 9 equal smaller triangles. 6 of them are shaded.],\( \frac{1}{3} \),"It's still one-third, I think!",True_Neither,
13_7,31772,What fraction of the shape is not shaded? Give your answer in its simplest form. [Image: A triangle split into 9 equal smaller triangles. 6 of them are shaded.],\( \frac{1}{3} \),It's like one out of three parts!,True_Neither,
13_8,31772,What fraction of the shape is not shaded? Give your answer in its simplest form. [Image: A triangle split into 9 equal smaller triangles. 6 of them are shaded.],\( \frac{1}{3} \),"It's still one-third, see?",True_Neither,
13_9,31772,What fraction of the shape is not shaded? Give your answer in its simplest form. [Image: A triangle split into 9 equal smaller triangles. 6 of them are shaded.],\( \frac{1}{3} \),My teacher said one-third stays one-third.,True_Neither,
14_0,31772,What fraction of the shape is not shaded? Give your answer in its simplest form. [Image: A triangle split into 9 equal smaller triangles. 6 of them are shaded.],\( \frac{1}{3} \),"I saw three triangles weren't shaded! Three over six makes one-third, see?",True_Neither,
14_1,31772,What fraction of the shape is not shaded? Give your answer in its simplest form. [Image: A triangle split into 9 equal smaller triangles. 6 of them are shaded.],\( \frac{1}{3} \),"I thought there were three parts not shaded, like when we did fractions before!",True_Neither,
14_2,31772,What fraction of the shape is not shaded? Give your answer in its simplest form. [Image: A triangle split into 9 equal smaller triangles. 6 of them are shaded.],\( \frac{1}{3} \),"Like, I saw three triangles weren't shaded! My teacher said simplify, so it’s one-third 'cause 3 over six becomes that.",True_Neither,
14_3,31772,What fraction of the shape is not shaded? Give your answer in its simplest form. [Image: A triangle split into 9 equal smaller triangles. 6 of them are shaded.],\( \frac{1}{3} \),"I know! Three triangles aren't shaded, see? My teacher said that’s one out of three!",True_Neither,
14_4,31772,What fraction of the shape is not shaded? Give your answer in its simplest form. [Image: A triangle split into 9 equal smaller triangles. 6 of them are shaded.],\( \frac{1}{3} \),"Yeah, I saw three triangles weren't shaded! My teacher said we simplify fractions, and 3/6 becomes 1/3.",True_Neither,
14_5,31772,What fraction of the shape is not shaded? Give your answer in its simplest form. [Image: A triangle split into 9 equal smaller triangles. 6 of them are shaded.],\( \frac{1}{3} \),"Three unshaded parts out of six. So, 1/3.",True_Neither,
14_6,31772,What fraction of the shape is not shaded? Give your answer in its simplest form. [Image: A triangle split into 9 equal smaller triangles. 6 of them are shaded.],\( \frac{1}{3} \),"See, three triangles aren't shaded! So it’s one-third.",True_Neither,
14_7,31772,What fraction of the shape is not shaded? Give your answer in its simplest form. [Image: A triangle split into 9 equal smaller triangles. 6 of them are shaded.],\( \frac{1}{3} \),"I see three unshaded triangles, like my teacher said!",True_Neither,
14_8,31772,What fraction of the shape is not shaded? Give your answer in its simplest form. [Image: A triangle split into 9 equal smaller triangles. 6 of them are shaded.],\( \frac{1}{3} \),"I saw three unshaded triangles. So, it’s one-third!",True_Neither,
14_9,31772,What fraction of the shape is not shaded? Give your answer in its simplest form. [Image: A triangle split into 9 equal smaller triangles. 6 of them are shaded.],\( \frac{1}{3} \),"I thought three triangles weren't shaded, so it’s like one-third! My teacher s...",True_Neither,
15_0,31772,What fraction of the shape is not shaded? Give your answer in its simplest form. [Image: A triangle split into 9 equal smaller triangles. 6 of them are shaded.],\( \frac{1}{3} \),"I saw three triangles weren't shaded! So, like, three out of six makes one-third.",True_Neither,
15_1,31772,What fraction of the shape is not shaded? Give your answer in its simplest form. [Image: A triangle split into 9 equal smaller triangles. 6 of them are shaded.],\( \frac{1}{3} \),"My teacher said fractions need simplifying. I saw three unshaded triangles, so it’s like 3/9, which simplifies to 1/3.",True_Neither,
15_2,31772,What fraction of the shape is not shaded? Give your answer in its simplest form. [Image: A triangle split into 9 equal smaller triangles. 6 of them are shaded.],\( \frac{1}{3} \),"My teacher said fractions need to be simple! I saw three unshaded triangles, so I thought it was 3 sixths, which simplifies to one-third.",True_Neither,
15_3,31772,What fraction of the shape is not shaded? Give your answer in its simplest form. [Image: A triangle split into 9 equal smaller triangles. 6 of them are shaded.],\( \frac{1}{3} \),"My teacher said fractions can be simplified. I saw three unshaded triangles, like when we did earlier...",True_Neither,
15_4,31772,What fraction of the shape is not shaded? Give your answer in its simplest form. [Image: A triangle split into 9 equal smaller triangles. 6 of them are shaded.],\( \frac{1}{3} \),"I saw three unshaded triangles! So, it's one-third.",True_Neither,
15_5,31772,What fraction of the shape is not shaded? Give your answer in its simplest form. [Image: A triangle split into 9 equal smaller triangles. 6 of them are shaded.],\( \frac{1}{3} \),"I see three parts not shaded, out of six total! So that's one-third.",True_Neither,
15_6,31772,What fraction of the shape is not shaded? Give your answer in its simplest form. [Image: A triangle split into 9 equal smaller triangles. 6 of them are shaded.],\( \frac{1}{3} \),"Um, I thought… three parts aren't shaded...so it’s like 3 over something…and then it simplifies to 1/3?",True_Neither,
15_7,31772,What fraction of the shape is not shaded? Give your answer in its simplest form. [Image: A triangle split into 9 equal smaller triangles. 6 of them are shaded.],\( \frac{1}{3} \),"Um, like, three aren't shaded...so it's one-third? Maybe? I dunno.",True_Neither,
15_8,31772,What fraction of the shape is not shaded? Give your answer in its simplest form. [Image: A triangle split into 9 equal smaller triangles. 6 of them are shaded.],\( \frac{1}{3} \),Three parts aren't shaded. That’s like one out of three.,True_Neither,
15_9,31772,What fraction of the shape is not shaded? Give your answer in its simplest form. [Image: A triangle split into 9 equal smaller triangles. 6 of them are shaded.],\( \frac{1}{3} \),"Like, I saw three unshaded triangles! My teacher said simplify fractions, so 3/9 becomes 1/3.",True_Neither,
16_0,31772,What fraction of the shape is not shaded? Give your answer in its simplest form. [Image: A triangle split into 9 equal smaller triangles. 6 of them are shaded.],\( \frac{1}{3} \),It looks right to me!,True_Neither,
16_1,31772,What fraction of the shape is not shaded? Give your answer in its simplest form. [Image: A triangle split into 9 equal smaller triangles. 6 of them are shaded.],\( \frac{1}{3} \),That’s as simple ...,True_Neither,
16_2,31772,What fraction of the shape is not shaded? Give your answer in its simplest form. [Image: A triangle split into 9 equal smaller triangles. 6 of them are shaded.],\( \frac{1}{3} \),One-third seems smallest to me.,True_Neither,
16_3,31772,What fraction of the shape is not shaded? Give your answer in its simplest form. [Image: A triangle split into 9 equal smaller triangles. 6 of them are shaded.],\( \frac{1}{3} \),"It looks easy, but I'm not sure!",True_Neither,
16_4,31772,What fraction of the shape is not shaded? Give your answer in its simplest form. [Image: A triangle split into 9 equal smaller triangles. 6 of them are shaded.],\( \frac{1}{3} \),"Um, I think…it’s already simple?",True_Neither,
16_5,31772,What fraction of the shape is not shaded? Give your answer in its simplest form. [Image: A triangle split into 9 equal smaller triangles. 6 of them are shaded.],\( \frac{1}{3} \),Because one-third seems right to me.,True_Neither,
16_6,31772,What fraction of the shape is not shaded? Give your answer in its simplest form. [Image: A triangle split into 9 equal smaller triangles. 6 of them are shaded.],\( \frac{1}{3} \),It looks right to me!,True_Neither,
16_7,31772,What fraction of the shape is not shaded? Give your answer in its simplest form. [Image: A triangle split into 9 equal smaller triangles. 6 of them are shaded.],\( \frac{1}{3} \),"It looks easy, but I'm not sure!",True_Neither,
16_8,31772,What fraction of the shape is not shaded? Give your answer in its simplest form. [Image: A triangle split into 9 equal smaller triangles. 6 of them are shaded.],\( \frac{1}{3} \),"It looks easy, like my teacher said!",True_Neither,
16_9,31772,What fraction of the shape is not shaded? Give your answer in its simplest form. [Image: A triangle split into 9 equal smaller triangles. 6 of them are shaded.],\( \frac{1}{3} \),It looks right to me!,True_Neither,
17_0,31772,What fraction of the shape is not shaded? Give your answer in its simplest form. [Image: A triangle split into 9 equal smaller triangles. 6 of them are shaded.],\( \frac{1}{3} \),Three-ninths simplifies...,True_Correct,
17_1,31772,What fraction of the shape is not shaded? Give your answer in its simplest form. [Image: A triangle split into 9 equal smaller triangles. 6 of them are shaded.],\( \frac{1}{3} \),See? Three parts aren't colored!,True_Correct,
17_2,31772,What fraction of the shape is not shaded? Give your answer in its simplest form. [Image: A triangle split into 9 equal smaller triangles. 6 of them are shaded.],\( \frac{1}{3} \),"Um, I saw three parts weren't colored...so, like, three over nine? Then I…divided!",True_Correct,
17_3,31772,What fraction of the shape is not shaded? Give your answer in its simplest form. [Image: A triangle split into 9 equal smaller triangles. 6 of them are shaded.],\( \frac{1}{3} \),One-third isn't shaded; three-n...,True_Correct,
17_4,31772,What fraction of the shape is not shaded? Give your answer in its simplest form. [Image: A triangle split into 9 equal smaller triangles. 6 of them are shaded.],\( \frac{1}{3} \),"I see three parts not colored, out of nine ...",True_Correct,
17_5,31772,What fraction of the shape is not shaded? Give your answer in its simplest form. [Image: A triangle split into 9 equal smaller triangles. 6 of them are shaded.],\( \frac{1}{3} \),I saw three unshaded triangles! Three over nine simplifies to one-third.,True_Correct,
17_6,31772,What fraction of the shape is not shaded? Give your answer in its simplest form. [Image: A triangle split into 9 equal smaller triangles. 6 of them are shaded.],\( \frac{1}{3} \),I saw three unshaded triangles out of nine!,True_Correct,
17_7,31772,What fraction of the shape is not shaded? Give your answer in its simplest form. [Image: A triangle split into 9 equal smaller triangles. 6 of them are shaded.],\( \frac{1}{3} \),"My teacher said to simplify, so I divided 3/9 by three!",True_Correct,
17_8,31772,What fraction of the shape is not shaded? Give your answer in its simplest form. [Image: A triangle split into 9 equal smaller triangles. 6 of them are shaded.],\( \frac{1}{3} \),I saw three unshaded triangles out of nine. My tea...,True_Correct,
17_9,31772,What fraction of the shape is not shaded? Give your answer in its simplest form. [Image: A triangle split into 9 equal smaller triangles. 6 of them are shaded.],\( \frac{1}{3} \),"My teacher said to simplify! So, three-ninths… I can divide both by three. Th...",True_Correct,
18_0,31772,What fraction of the shape is not shaded? Give your answer in its simplest form. [Image: A triangle split into 9 equal smaller triangles. 6 of them are shaded.],\( \frac{1}{3} \),I saw three unshaded...,True_Correct,
18_1,31772,What fraction of the shape is not shaded? Give your answer in its simplest form. [Image: A triangle split into 9 equal smaller triangles. 6 of them are shaded.],\( \frac{1}{3} \),"Um, I thought... three parts aren't colored, see? ...",True_Correct,
18_2,31772,What fraction of the shape is not shaded? Give your answer in its simplest form. [Image: A triangle split into 9 equal smaller triangles. 6 of them are shaded.],\( \frac{1}{3} \),"Um, I saw one part…not colored? I...",True_Correct,
18_3,31772,What fraction of the shape is not shaded? Give your answer in its simplest form. [Image: A triangle split into 9 equal smaller triangles. 6 of them are shaded.],\( \frac{1}{3} \),"I saw three unshaded triangles out of nine—like my teacher said,...",True_Correct,
18_4,31772,What fraction of the shape is not shaded? Give your answer in its simplest form. [Image: A triangle split into 9 equal smaller triangles. 6 of them are shaded.],\( \frac{1}{3} \),"I saw three unshaded triangles out of nine total. So, I got 3/9 which simplifie...",True_Correct,
18_5,31772,What fraction of the shape is not shaded? Give your answer in its simplest form. [Image: A triangle split into 9 equal smaller triangles. 6 of them are shaded.],\( \frac{1}{3} \),I saw three unshaded! Three over nine…it’s...,True_Correct,
18_6,31772,What fraction of the shape is not shaded? Give your answer in its simplest form. [Image: A triangle split into 9 equal smaller triangles. 6 of them are shaded.],\( \frac{1}{3} \),I saw three unshaded triangles out of nine!,True_Correct,
18_7,31772,What fraction of the shape is not shaded? Give your answer in its simplest form. [Image: A triangle split into 9 equal smaller triangles. 6 of them are shaded.],\( \frac{1}{3} \),I saw three unshaded...,True_Correct,
18_8,31772,What fraction of the shape is not shaded? Give your answer in its simplest form. [Image: A triangle split into 9 equal smaller triangles. 6 of them are shaded.],\( \frac{1}{3} \),"It’s unshaded, like on...",True_Correct,
18_9,31772,What fraction of the shape is not shaded? Give your answer in its simplest form. [Image: A triangle split into 9 equal smaller triangles. 6 of them are shaded.],\( \frac{1}{3} \),I saw three unshaded triangles out of nine total. That’s one-third.,True_Correct,
19_0,31772,What fraction of the shape is not shaded? Give your answer in its simplest form. [Image: A triangle split into 9 equal smaller triangles. 6 of them are shaded.],\( \frac{1}{3} \),I saw three unshaded parts out of nine total.,True_Correct,
19_1,31772,What fraction of the shape is not shaded? Give your answer in its simplest form. [Image: A triangle split into 9 equal smaller triangles. 6 of them are shaded.],\( \frac{1}{3} \),I saw three unshaded triangles out of nine total!,True_Correct,
19_2,31772,What fraction of the shape is not shaded? Give your answer in its simplest form. [Image: A triangle split into 9 equal smaller triangles. 6 of them are shaded.],\( \frac{1}{3} \),"I see three parts not colored, out of nine total!",True_Correct,
19_3,31772,What fraction of the shape is not shaded? Give your answer in its simplest form. [Image: A triangle split into 9 equal smaller triangles. 6 of them are shaded.],\( \frac{1}{3} \),"Um, I thought… like, two-thirds were shaded, so one-third must be empty?",True_Correct,
19_4,31772,What fraction of the shape is not shaded? Give your answer in its simplest form. [Image: A triangle split into 9 equal smaller triangles. 6 of them are shaded.],\( \frac{1}{3} \),"Um, like, I thought only one pa...",True_Correct,
19_5,31772,What fraction of the shape is not shaded? Give your answer in its simplest form. [Image: A triangle split into 9 equal smaller triangles. 6 of them are shaded.],\( \frac{1}{3} \),Three parts aren't colored!,True_Correct,
19_6,31772,What fraction of the shape is not shaded? Give your answer in its simplest form. [Image: A triangle split into 9 equal smaller triangles. 6 of them are shaded.],\( \frac{1}{3} \),"I saw three unshaded triangles, out of nine total!",True_Correct,
19_7,31772,What fraction of the shape is not shaded? Give your answer in its simplest form. [Image: A triangle split into 9 equal smaller triangles. 6 of them are shaded.],\( \frac{1}{3} \),"Um, like... I saw three parts not colored?",True_Correct,
19_8,31772,What fraction of the shape is not shaded? Give your answer in its simplest form. [Image: A triangle split into 9 equal smaller triangles. 6 of them are shaded.],\( \frac{1}{3} \),"I thought one-third wasn't colored, and two-thirds were.",True_Correct,
19_9,31772,What fraction of the shape is not shaded? Give your answer in its simplest form. [Image: A triangle split into 9 equal smaller triangles. 6 of them are shaded.],\( \frac{1}{3} \),"I saw three unshaded triangles, like one third!",True_Correct,
20_0,31772,What fraction of the shape is not shaded? Give your answer in its simplest form. [Image: A triangle split into 9 equal smaller triangles. 6 of them are shaded.],\( \frac{1}{3} \),"Um, so like, I thought ther...",True_Correct,
20_1,31772,What fraction of the shape is not shaded? Give your answer in its simplest form. [Image: A triangle split into 9 equal smaller triangles. 6 of them are shaded.],\( \frac{1}{3} \),"I see one part unshaded, like one third!",True_Correct,
20_2,31772,What fraction of the shape is not shaded? Give your answer in its simplest form. [Image: A triangle split into 9 equal smaller triangles. 6 of them are shaded.],\( \frac{1}{3} \),"I saw one part wasn't shaded! Like, one third!",True_Correct,
20_3,31772,What fraction of the shape is not shaded? Give your answer in its simplest form. [Image: A triangle split into 9 equal smaller triangles. 6 of them are shaded.],\( \frac{1}{3} \),"It's like, one-third isn’t shaded!",True_Correct,
20_4,31772,What fraction of the shape is not shaded? Give your answer in its simplest form. [Image: A triangle split into 9 equal smaller triangles. 6 of them are shaded.],\( \frac{1}{3} \),"Like, one-third isn't shaded! My teacher said so.",True_Correct,
20_5,31772,What fraction of the shape is not shaded? Give your answer in its simplest form. [Image: A triangle split into 9 equal smaller triangles. 6 of them are shaded.],\( \frac{1}{3} \),"Like, um, one part's not shade...",True_Correct,
20_6,31772,What fraction of the shape is not shaded? Give your answer in its simplest form. [Image: A triangle split into 9 equal smaller triangles. 6 of them are shaded.],\( \frac{1}{3} \),It's one-third that isn’t shaded!,True_Correct,
20_7,31772,What fraction of the shape is not shaded? Give your answer in its simplest form. [Image: A triangle split into 9 equal smaller triangles. 6 of them are shaded.],\( \frac{1}{3} \),It's one-third unshaded!,True_Correct,
20_8,31772,What fraction of the shape is not shaded? Give your answer in its simplest form. [Image: A triangle split into 9 equal smaller triangles. 6 of them are shaded.],\( \frac{1}{3} \),I see one part unsha...,True_Correct,
20_9,31772,What fraction of the shape is not shaded? Give your answer in its simplest form. [Image: A triangle split into 9 equal smaller triangles. 6 of them are shaded.],\( \frac{1}{3} \),"I thought one part wasn't shaded, like my teacher said!",True_Correct,
21_0,31772,What fraction of the shape is not shaded? Give your answer in its simplest form. [Image: A triangle split into 9 equal smaller triangles. 6 of them are shaded.],\( \frac{1}{3} \),"I thought three parts weren't colored out of nine, so that’s 3/9, which gets to 1/3!",True_Correct,
21_1,31772,What fraction of the shape is not shaded? Give your answer in its simplest form. [Image: A triangle split into 9 equal smaller triangles. 6 of them are shaded.],\( \frac{1}{3} \),"I got 3/9 unshaded, which simplifies to 1/3—so yeah, that's right!",True_Correct,
21_2,31772,What fraction of the shape is not shaded? Give your answer in its simplest form. [Image: A triangle split into 9 equal smaller triangles. 6 of them are shaded.],\( \frac{1}{3} \),"I saw three triangles weren’t colored! The whole thing has nine, so that's three-ninths. Three-ninths can be one-third!",True_Correct,
21_3,31772,What fraction of the shape is not shaded? Give your answer in its simplest form. [Image: A triangle split into 9 equal smaller triangles. 6 of them are shaded.],\( \frac{1}{3} \),"Yeah, so three out of nine parts aren't shaded, which simplifies to 1/3 – my teacher said that’s how yo...",True_Correct,
21_4,31772,What fraction of the shape is not shaded? Give your answer in its simplest form. [Image: A triangle split into 9 equal smaller triangles. 6 of them are shaded.],\( \frac{1}{3} \),"I got 1/3! Three out of nine triangles aren't shaded, so that’s 3/9. That simplifies to 1/3; I think my reasoning is sound.",True_Correct,
21_5,31772,What fraction of the shape is not shaded? Give your answer in its simplest form. [Image: A triangle split into 9 equal smaller triangles. 6 of them are shaded.],\( \frac{1}{3} \),"Three-ninths simplifies to one-third, so I think it’s right.",True_Correct,
21_6,31772,What fraction of the shape is not shaded? Give your answer in its simplest form. [Image: A triangle split into 9 equal smaller triangles. 6 of them are shaded.],\( \frac{1}{3} \),"Yeah, so like, three out of nine aren't shaded! My teacher said to simplify, a...",True_Correct,
21_7,31772,What fraction of the shape is not shaded? Give your answer in its simplest form. [Image: A triangle split into 9 equal smaller triangles. 6 of them are shaded.],\( \frac{1}{3} \),"I got 3/9 unshaded, which simplifies to 1/3, so that’s my answer.",True_Correct,
21_8,31772,What fraction of the shape is not shaded? Give your answer in its simplest form. [Image: A triangle split into 9 equal smaller triangles. 6 of them are shaded.],\( \frac{1}{3} \),"Um, so like, three parts aren't colored…and my teacher said we simplify fractions...so that’s 1/3?",True_Correct,
21_9,31772,What fraction of the shape is not shaded? Give your answer in its simplest form. [Image: A triangle split into 9 equal smaller triangles. 6 of them are shaded.],\( \frac{1}{3} \),"Um, I think it's 1/3 'cause three parts aren’t colored. My teacher said we need to make fractions simple...so that's what I did!",True_Correct,
22_0,31772,What fraction of the shape is not shaded? Give your answer in its simplest form. [Image: A triangle split into 9 equal smaller triangles. 6 of them are shaded.],\( \frac{1}{3} \),"Yeah, so like, I saw three parts weren't colored! My teacher said to make it simple.",True_Correct,
22_1,31772,What fraction of the shape is not shaded? Give your answer in its simplest form. [Image: A triangle split into 9 equal smaller triangles. 6 of them are shaded.],\( \frac{1}{3} \),"Yeah! I saw three triangles weren't colored. The whole thing had nine. So, three over nine makes one-third!",True_Correct,
22_2,31772,What fraction of the shape is not shaded? Give your answer in its simplest form. [Image: A triangle split into 9 equal smaller triangles. 6 of them are shaded.],\( \frac{1}{3} \),"I got 1/3! My teacher said we simplify fractions. So, 3 out of 9 parts aren't shaded—that’s 1/3 when you make them equal.",True_Correct,
22_3,31772,What fraction of the shape is not shaded? Give your answer in its simplest form. [Image: A triangle split into 9 equal smaller triangles. 6 of them are shaded.],\( \frac{1}{3} \),"Um, I think it's 1/3 'cause three parts aren’t colored? So that's like…3 over 9, which makes 1/3 too.",True_Correct,
22_4,31772,What fraction of the shape is not shaded? Give your answer in its simplest form. [Image: A triangle split into 9 equal smaller triangles. 6 of them are shaded.],\( \frac{1}{3} \),"My teacher said to make fractions simple! So, I saw three unshaded triangles out of nine total. That's like when we did [other problem]—it’s 1/3!",True_Correct,
22_5,31772,What fraction of the shape is not shaded? Give your answer in its simplest form. [Image: A triangle split into 9 equal smaller triangles. 6 of them are shaded.],\( \frac{1}{3} \),"Yeah, so I saw 3 unshaded triangles out of 9 total—that’s 3/9! My teacher said to simplify, and that becomes 1/3.",True_Correct,
22_6,31772,What fraction of the shape is not shaded? Give your answer in its simplest form. [Image: A triangle split into 9 equal smaller triangles. 6 of them are shaded.],\( \frac{1}{3} \),"I got 1/3 'cause 3 parts aren't colored, like my teacher said to simplify!",True_Correct,
22_7,31772,What fraction of the shape is not shaded? Give your answer in its simplest form. [Image: A triangle split into 9 equal smaller triangles. 6 of them are shaded.],\( \frac{1}{3} \),"I saw three triangles weren't colored, so I wrote 3/9! Then I made it simpler, like we do, and got 1/3!",True_Correct,
22_8,31772,What fraction of the shape is not shaded? Give your answer in its simplest form. [Image: A triangle split into 9 equal smaller triangles. 6 of them are shaded.],\( \frac{1}{3} \),"I know! Three-ninths becomes one-third, so it's right!",True_Correct,
22_9,31772,What fraction of the shape is not shaded? Give your answer in its simplest form. [Image: A triangle split into 9 equal smaller triangles. 6 of them are shaded.],\( \frac{1}{3} \),"Um, I think it's 1/3 'cause three parts aren’t colored, out of nine...so… yeah?",True_Correct,
23_0,31772,What fraction of the shape is not shaded? Give your answer in its simplest form. [Image: A triangle split into 9 equal smaller triangles. 6 of them are shaded.],\( \frac{1}{3} \),"I saw three unshaded triangles! Three out of nine? My teacher said simplify, so it's 1/3!",True_Correct,
23_1,31772,What fraction of the shape is not shaded? Give your answer in its simplest form. [Image: A triangle split into 9 equal smaller triangles. 6 of them are shaded.],\( \frac{1}{3} \),"Um, I think it's 1/3 'cause 3 parts aren’t colored, like my teac...",True_Correct,
23_2,31772,What fraction of the shape is not shaded? Give your answer in its simplest form. [Image: A triangle split into 9 equal smaller triangles. 6 of them are shaded.],\( \frac{1}{3} \),"Yeah, so like, I saw three unshaded triangles out of nine total—so that's 3/9! My teacher said we need to simplify fractions, and 3/9 becomes 1/3!",True_Correct,
23_3,31772,What fraction of the shape is not shaded? Give your answer in its simplest form. [Image: A triangle split into 9 equal smaller triangles. 6 of them are shaded.],\( \frac{1}{3} \),"I thought there were three unshaded triangles out of nine total, so 3/9 simplifies to 1/3.",True_Correct,
23_4,31772,What fraction of the shape is not shaded? Give your answer in its simplest form. [Image: A triangle split into 9 equal smaller triangles. 6 of them are shaded.],\( \frac{1}{3} \),"I got 1/3 'cause three little triangles aren't colored, see? My teacher said we gotta make fractions easy, so 3/9 becomes 1/3!",True_Correct,
23_5,31772,What fraction of the shape is not shaded? Give your answer in its simplest form. [Image: A triangle split into 9 equal smaller triangles. 6 of them are shaded.],\( \frac{1}{3} \),"Yeah, so I saw three triangles weren't colored, out of nine total! My teacher said we can make fractions like that, and then you gotta make them simpler, which makes it 1/3!",True_Correct,
23_6,31772,What fraction of the shape is not shaded? Give your answer in its simplest form. [Image: A triangle split into 9 equal smaller triangles. 6 of them are shaded.],\( \frac{1}{3} \),"I saw three triangles weren't colored, so I wrote 3/9! Then I made it simpler to get 1/3.",True_Correct,
23_7,31772,What fraction of the shape is not shaded? Give your answer in its simplest form. [Image: A triangle split into 9 equal smaller triangles. 6 of them are shaded.],\( \frac{1}{3} \),"Um, so like, I saw three unshaded triangles… out of nine total? My teacher said to simplify… so that's one third, I think?",True_Correct,
23_8,31772,What fraction of the shape is not shaded? Give your answer in its simplest form. [Image: A triangle split into 9 equal smaller triangles. 6 of them are shaded.],\( \frac{1}{3} \),"I saw three parts open, so it's one-third!",True_Correct,
23_9,31772,What fraction of the shape is not shaded? Give your answer in its simplest form. [Image: A triangle split into 9 equal smaller triangles. 6 of them are shaded.],\( \frac{1}{3} \),"Um, I think… three parts aren’t colored. My teacher said we can make fractions simpler. So, like, 3 over 9? That's one third, maybe?",True_Correct,
24_0,31772,What fraction of the shape is not shaded? Give your answer in its simplest form. [Image: A triangle split into 9 equal smaller triangles. 6 of them are shaded.],\( \frac{1}{3} \),"I thought 3 out of 9 were not shaded, so that's like 1/3!",True_Neither,
24_1,31772,What fraction of the shape is not shaded? Give your answer in its simplest form. [Image: A triangle split into 9 equal smaller triangles. 6 of them are shaded.],\( \frac{1}{3} \),"My teacher said 3/9 simplifies to 1/3! So, 1/9's left.",True_Neither,
24_2,31772,What fraction of the shape is not shaded? Give your answer in its simplest form. [Image: A triangle split into 9 equal smaller triangles. 6 of them are shaded.],\( \frac{1}{3} \),"Yeah, so I know 3/9 simplifies to 1/3, but I see three unshaded tr...",True_Neither,
24_3,31772,What fraction of the shape is not shaded? Give your answer in its simplest form. [Image: A triangle split into 9 equal smaller triangles. 6 of them are shaded.],\( \frac{1}{3} \),"I saw 3/9 shaded, so 1/9's not!",True_Neither,
24_4,31772,What fraction of the shape is not shaded? Give your answer in its simplest form. [Image: A triangle split into 9 equal smaller triangles. 6 of them are shaded.],\( \frac{1}{3} \),"Um, so like, I thought three-ninths were shaded… maybe? So then, um, there’s one-ninth not!",True_Neither,
24_5,31772,What fraction of the shape is not shaded? Give your answer in its simplest form. [Image: A triangle split into 9 equal smaller triangles. 6 of them are shaded.],\( \frac{1}{3} \),"My teacher said 3/9’s the same, so it's 1/3!",True_Neither,
24_6,31772,What fraction of the shape is not shaded? Give your answer in its simplest form. [Image: A triangle split into 9 equal smaller triangles. 6 of them are shaded.],\( \frac{1}{3} \),I saw three parts not shaded out of nine!,True_Neither,
24_7,31772,What fraction of the shape is not shaded? Give your answer in its simplest form. [Image: A triangle split into 9 equal smaller triangles. 6 of them are shaded.],\( \frac{1}{3} \),"""My teacher said 3/9 simplifies...",True_Neither,
24_8,31772,What fraction of the shape is not shaded? Give your answer in its simplest form. [Image: A triangle split into 9 equal smaller triangles. 6 of them are shaded.],\( \frac{1}{3} \),"Like, three-nines are shaded! So a littl...",True_Neither,
24_9,31772,What fraction of the shape is not shaded? Give your answer in its simplest form. [Image: A triangle split into 9 equal smaller triangles. 6 of them are shaded.],\( \frac{1}{3} \),"I know 6 are shaded, so 3 aren't! That’s one-third of the whole triangle.",True_Neither,
25_0,31772,What fraction of the shape is not shaded? Give your answer in its simplest form. [Image: A triangle split into 9 equal smaller triangles. 6 of them are shaded.],\( \frac{1}{3} \),"Three-ninths are not shaded, so it’s one-third.",True_Correct,
25_1,31772,What fraction of the shape is not shaded? Give your answer in its simplest form. [Image: A triangle split into 9 equal smaller triangles. 6 of them are shaded.],\( \frac{1}{3} \),"Yeah, I know 3 out of 9 triangles aren't shaded! So it’s 1/3.",True_Correct,
25_2,31772,What fraction of the shape is not shaded? Give your answer in its simplest form. [Image: A triangle split into 9 equal smaller triangles. 6 of them are shaded.],\( \frac{1}{3} \),"Like, three-ninths aren't colored! My teacher said that...",True_Correct,
25_3,31772,What fraction of the shape is not shaded? Give your answer in its simplest form. [Image: A triangle split into 9 equal smaller triangles. 6 of them are shaded.],\( \frac{1}{3} \),"Um, I saw three parts not shaded out of nine total.",True_Correct,
25_4,31772,What fraction of the shape is not shaded? Give your answer in its simplest form. [Image: A triangle split into 9 equal smaller triangles. 6 of them are shaded.],\( \frac{1}{3} \),"Yeah, so I know 3/9 isn't shaded. That’s how I got 1/3!",True_Correct,
25_5,31772,What fraction of the shape is not shaded? Give your answer in its simplest form. [Image: A triangle split into 9 equal smaller triangles. 6 of them are shaded.],\( \frac{1}{3} \),"Um, I thought three out of nine were...not shaded?",True_Correct,
25_6,31772,What fraction of the shape is not shaded? Give your answer in its simplest form. [Image: A triangle split into 9 equal smaller triangles. 6 of them are shaded.],\( \frac{1}{3} \),I saw three parts not shaded!,True_Correct,
25_7,31772,What fraction of the shape is not shaded? Give your answer in its simplest form. [Image: A triangle split into 9 equal smaller triangles. 6 of them are shaded.],\( \frac{1}{3} \),"Since 6 triangles are shaded, 3/9 remain unshaded; simplifying 3/9 yields 1/3.",True_Correct,
25_8,31772,What fraction of the shape is not shaded? Give your answer in its simplest form. [Image: A triangle split into 9 equal smaller triangles. 6 of them are shaded.],\( \frac{1}{3} \),"Like, three-ninths aren't colored!",True_Correct,
25_9,31772,What fraction of the shape is not shaded? Give your answer in its simplest form. [Image: A triangle split into 9 equal smaller triangles. 6 of them are shaded.],\( \frac{1}{3} \),"I saw three triangles weren’t colored, so it's three out of nine!",True_Correct,
26_0,31772,What fraction of the shape is not shaded? Give your answer in its simplest form. [Image: A triangle split into 9 equal smaller triangles. 6 of them are shaded.],\( \frac{1}{3} \),"Um, yeah, I just... like,...",True_Correct,
26_1,31772,What fraction of the shape is not shaded? Give your answer in its simplest form. [Image: A triangle split into 9 equal smaller triangles. 6 of them are shaded.],\( \frac{1}{3} \),"Um, like, three-nines....",True_Correct,
26_2,31772,What fraction of the shape is not shaded? Give your answer in its simplest form. [Image: A triangle split into 9 equal smaller triangles. 6 of them are shaded.],\( \frac{1}{3} \),It looks like thr...,True_Correct,
26_3,31772,What fraction of the shape is not shaded? Give your answer in its simplest form. [Image: A triangle split into 9 equal smaller triangles. 6 of them are shaded.],\( \frac{1}{3} \),"Yeah, I know! Three-ninths makes one-third!",True_Correct,
26_4,31772,What fraction of the shape is not shaded? Give your answer in its simplest form. [Image: A triangle split into 9 equal smaller triangles. 6 of them are shaded.],\( \frac{1}{3} \),"Yeah, like, three-ninths i...",True_Correct,
26_5,31772,What fraction of the shape is not shaded? Give your answer in its simplest form. [Image: A triangle split into 9 equal smaller triangles. 6 of them are shaded.],\( \frac{1}{3} \),"Yeah, I saw three parts not s...",True_Correct,
26_6,31772,What fraction of the shape is not shaded? Give your answer in its simplest form. [Image: A triangle split into 9 equal smaller triangles. 6 of them are shaded.],\( \frac{1}{3} \),It simplifies to 1/3.,True_Correct,
26_7,31772,What fraction of the shape is not shaded? Give your answer in its simplest form. [Image: A triangle split into 9 equal smaller triangles. 6 of them are shaded.],\( \frac{1}{3} \),"Um, I thought... lik...",True_Correct,
26_8,31772,What fraction of the shape is not shaded? Give your answer in its simplest form. [Image: A triangle split into 9 equal smaller triangles. 6 of them are shaded.],\( \frac{1}{3} \),"Um, I thought three-ninths could be one-th...",True_Correct,
26_9,31772,What fraction of the shape is not shaded? Give your answer in its simplest form. [Image: A triangle split into 9 equal smaller triangles. 6 of them are shaded.],\( \frac{1}{3} \),Three-ninths equals one-t...,True_Correct,
27_0,31772,What fraction of the shape is not shaded? Give your answer in its simplest form. [Image: A triangle split into 9 equal smaller triangles. 6 of them are shaded.],\( \frac{1}{3} \),It's like three out of n...,True_Correct,
27_1,31772,What fraction of the shape is not shaded? Give your answer in its simplest form. [Image: A triangle split into 9 equal smaller triangles. 6 of them are shaded.],\( \frac{1}{3} \),It looks like thre...,True_Correct,
27_2,31772,What fraction of the shape is not shaded? Give your answer in its simplest form. [Image: A triangle split into 9 equal smaller triangles. 6 of them are shaded.],\( \frac{1}{3} \),It's like three out of nine!,True_Correct,
27_3,31772,What fraction of the shape is not shaded? Give your answer in its simplest form. [Image: A triangle split into 9 equal smaller triangles. 6 of them are shaded.],\( \frac{1}{3} \),"Um, I think... like three-ninths too?",True_Correct,
27_4,31772,What fraction of the shape is not shaded? Give your answer in its simplest form. [Image: A triangle split into 9 equal smaller triangles. 6 of them are shaded.],\( \frac{1}{3} \),My teacher said three-ninths is like one-t...,True_Correct,
27_5,31772,What fraction of the shape is not shaded? Give your answer in its simplest form. [Image: A triangle split into 9 equal smaller triangles. 6 of them are shaded.],\( \frac{1}{3} \),It looks like 3 o...,True_Correct,
27_6,31772,What fraction of the shape is not shaded? Give your answer in its simplest form. [Image: A triangle split into 9 equal smaller triangles. 6 of them are shaded.],\( \frac{1}{3} \),"Yeah, I saw three parts not shaded!",True_Correct,
27_7,31772,What fraction of the shape is not shaded? Give your answer in its simplest form. [Image: A triangle split into 9 equal smaller triangles. 6 of them are shaded.],\( \frac{1}{3} \),My teacher said 1/3 looks like ...,True_Correct,
27_8,31772,What fraction of the shape is not shaded? Give your answer in its simplest form. [Image: A triangle split into 9 equal smaller triangles. 6 of them are shaded.],\( \frac{1}{3} \),"Um, I saw three p...",True_Correct,
27_9,31772,What fraction of the shape is not shaded? Give your answer in its simplest form. [Image: A triangle split into 9 equal smaller triangles. 6 of them are shaded.],\( \frac{1}{3} \),My teacher said tha...,True_Correct,
28_0,31772,What fraction of the shape is not shaded? Give your answer in its simplest form. [Image: A triangle split into 9 equal smaller triangles. 6 of them are shaded.],\( \frac{1}{3} \),"Yeah, I simplifie...",True_Correct,
28_1,31772,What fraction of the shape is not shaded? Give your answer in its simplest form. [Image: A triangle split into 9 equal smaller triangles. 6 of them are shaded.],\( \frac{1}{3} \),It simplifies to ...,True_Correct,
28_2,31772,What fraction of the shape is not shaded? Give your answer in its simplest form. [Image: A triangle split into 9 equal smaller triangles. 6 of them are shaded.],\( \frac{1}{3} \),My teacher said three-ninths is lik...,True_Correct,
28_3,31772,What fraction of the shape is not shaded? Give your answer in its simplest form. [Image: A triangle split into 9 equal smaller triangles. 6 of them are shaded.],\( \frac{1}{3} \),"Yeah, I just looked at how many were shaded!",True_Correct,
28_4,31772,What fraction of the shape is not shaded? Give your answer in its simplest form. [Image: A triangle split into 9 equal smaller triangles. 6 of them are shaded.],\( \frac{1}{3} \),"Yeah, I saw three unshaded triangles out ...",True_Correct,
28_5,31772,What fraction of the shape is not shaded? Give your answer in its simplest form. [Image: A triangle split into 9 equal smaller triangles. 6 of them are shaded.],\( \frac{1}{3} \),It's like three out of nine.,True_Correct,
28_6,31772,What fraction of the shape is not shaded? Give your answer in its simplest form. [Image: A triangle split into 9 equal smaller triangles. 6 of them are shaded.],\( \frac{1}{3} \),"Yeah, like three-ninths ...",True_Correct,
28_7,31772,What fraction of the shape is not shaded? Give your answer in its simplest form. [Image: A triangle split into 9 equal smaller triangles. 6 of them are shaded.],\( \frac{1}{3} \),"Yeah, I know! Three-ninths is like...",True_Correct,
28_8,31772,What fraction of the shape is not shaded? Give your answer in its simplest form. [Image: A triangle split into 9 equal smaller triangles. 6 of them are shaded.],\( \frac{1}{3} \),"Um, I thought… like, three...",True_Correct,
28_9,31772,What fraction of the shape is not shaded? Give your answer in its simplest form. [Image: A triangle split into 9 equal smaller triangles. 6 of them are shaded.],\( \frac{1}{3} \),"Yeah, I saw three...",True_Correct,
29_0,31772,What fraction of the shape is not shaded? Give your answer in its simplest form. [Image: A triangle split into 9 equal smaller triangles. 6 of them are shaded.],\( \frac{1}{3} \),"Um, I thought three-ninths… um… becomes one-third?",True_Correct,
29_1,31772,What fraction of the shape is not shaded? Give your answer in its simplest form. [Image: A triangle split into 9 equal smaller triangles. 6 of them are shaded.],\( \frac{1}{3} \),"Yep, three-ninths...",True_Correct,
29_2,31772,What fraction of the shape is not shaded? Give your answer in its simplest form. [Image: A triangle split into 9 equal smaller triangles. 6 of them are shaded.],\( \frac{1}{3} \),My teacher said three...,True_Correct,
29_3,31772,What fraction of the shape is not shaded? Give your answer in its simplest form. [Image: A triangle split into 9 equal smaller triangles. 6 of them are shaded.],\( \frac{1}{3} \),"Um, I think 3/9 simplifies to 1/3... maybe?",True_Correct,
29_4,31772,What fraction of the shape is not shaded? Give your answer in its simplest form. [Image: A triangle split into 9 equal smaller triangles. 6 of them are shaded.],\( \frac{1}{3} \),"Yeah, like three-ninths simplifies to on...",True_Correct,
29_5,31772,What fraction of the shape is not shaded? Give your answer in its simplest form. [Image: A triangle split into 9 equal smaller triangles. 6 of them are shaded.],\( \frac{1}{3} \),"Um, three-ninths can become one...",True_Correct,
29_6,31772,What fraction of the shape is not shaded? Give your answer in its simplest form. [Image: A triangle split into 9 equal smaller triangles. 6 of them are shaded.],\( \frac{1}{3} \),My teacher said 3/9 can simplify to 1/3.,True_Correct,
29_7,31772,What fraction of the shape is not shaded? Give your answer in its simplest form. [Image: A triangle split into 9 equal smaller triangles. 6 of them are shaded.],\( \frac{1}{3} \),"Um, three nines... um... make a thir...",True_Correct,
29_8,31772,What fraction of the shape is not shaded? Give your answer in its simplest form. [Image: A triangle split into 9 equal smaller triangles. 6 of them are shaded.],\( \frac{1}{3} \),My teacher said 3/9...,True_Correct,
29_9,31772,What fraction of the shape is not shaded? Give your answer in its simplest form. [Image: A triangle split into 9 equal smaller triangles. 6 of them are shaded.],\( \frac{1}{3} \),"Um, I thought three-ni...",True_Correct,
30_0,31772,What fraction of the shape is not shaded? Give your answer in its simplest form. [Image: A triangle split into 9 equal smaller triangles. 6 of them are shaded.],\( \frac{1}{3} \),My teacher said 3/9 can get smaller to 1/3!,True_Correct,
30_1,31772,What fraction of the shape is not shaded? Give your answer in its simplest form. [Image: A triangle split into 9 equal smaller triangles. 6 of them are shaded.],\( \frac{1}{3} \),"Yeah, I simplified 3/9 to 1/3!",True_Correct,
30_2,31772,What fraction of the shape is not shaded? Give your answer in its simplest form. [Image: A triangle split into 9 equal smaller triangles. 6 of them are shaded.],\( \frac{1}{3} \),Three-ninths can be made...,True_Correct,
30_3,31772,What fraction of the shape is not shaded? Give your answer in its simplest form. [Image: A triangle split into 9 equal smaller triangles. 6 of them are shaded.],\( \frac{1}{3} \),My teacher said 3/9 can simpl...,True_Correct,
30_4,31772,What fraction of the shape is not shaded? Give your answer in its simplest form. [Image: A triangle split into 9 equal smaller triangles. 6 of them are shaded.],\( \frac{1}{3} \),"Yeah, 'cause 3/9 goes do...",True_Correct,
30_5,31772,What fraction of the shape is not shaded? Give your answer in its simplest form. [Image: A triangle split into 9 equal smaller triangles. 6 of them are shaded.],\( \frac{1}{3} \),"Yep, three-ninths makes ...",True_Correct,
30_6,31772,What fraction of the shape is not shaded? Give your answer in its simplest form. [Image: A triangle split into 9 equal smaller triangles. 6 of them are shaded.],\( \frac{1}{3} \),It's like three out of nine!,True_Correct,
30_7,31772,What fraction of the shape is not shaded? Give your answer in its simplest form. [Image: A triangle split into 9 equal smaller triangles. 6 of them are shaded.],\( \frac{1}{3} \),3/9 simplifies to 1/3.,True_Correct,
30_8,31772,What fraction of the shape is not shaded? Give your answer in its simplest form. [Image: A triangle split into 9 equal smaller triangles. 6 of them are shaded.],\( \frac{1}{3} \),Three-ninths simplifies to one-third.,True_Correct,
30_9,31772,What fraction of the shape is not shaded? Give your answer in its simplest form. [Image: A triangle split into 9 equal smaller triangles. 6 of them are shaded.],\( \frac{1}{3} \),"Yeah, I know 3/9 can b...",True_Correct,
31_0,31772,What fraction of the shape is not shaded? Give your answer in its simplest form. [Image: A triangle split into 9 equal smaller triangles. 6 of them are shaded.],\( \frac{1}{3} \),My teacher said t...,True_Correct,
31_1,31772,What fraction of the shape is not shaded? Give your answer in its simplest form. [Image: A triangle split into 9 equal smaller triangles. 6 of them are shaded.],\( \frac{1}{3} \),"Um, like, I simpli...",True_Correct,
31_2,31772,What fraction of the shape is not shaded? Give your answer in its simplest form. [Image: A triangle split into 9 equal smaller triangles. 6 of them are shaded.],\( \frac{1}{3} \),"It simplifies to one-third, yes.",True_Correct,
31_3,31772,What fraction of the shape is not shaded? Give your answer in its simplest form. [Image: A triangle split into 9 equal smaller triangles. 6 of them are shaded.],\( \frac{1}{3} \),My teacher said 3/9 can be made simpler to get 1/3.,True_Correct,
31_4,31772,What fraction of the shape is not shaded? Give your answer in its simplest form. [Image: A triangle split into 9 equal smaller triangles. 6 of them are shaded.],\( \frac{1}{3} \),"Yeah, I simplifie...",True_Correct,
31_5,31772,What fraction of the shape is not shaded? Give your answer in its simplest form. [Image: A triangle split into 9 equal smaller triangles. 6 of them are shaded.],\( \frac{1}{3} \),"Yeah, I know 3/9 simpli...",True_Correct,
31_6,31772,What fraction of the shape is not shaded? Give your answer in its simplest form. [Image: A triangle split into 9 equal smaller triangles. 6 of them are shaded.],\( \frac{1}{3} \),My teacher said three-ninths can get smal...,True_Correct,
31_7,31772,What fraction of the shape is not shaded? Give your answer in its simplest form. [Image: A triangle split into 9 equal smaller triangles. 6 of them are shaded.],\( \frac{1}{3} \),"Yeah, I simplified 3/9 to 1/3!",True_Correct,
31_8,31772,What fraction of the shape is not shaded? Give your answer in its simplest form. [Image: A triangle split into 9 equal smaller triangles. 6 of them are shaded.],\( \frac{1}{3} \),"Yeah, I know! It's li...",True_Correct,
31_9,31772,What fraction of the shape is not shaded? Give your answer in its simplest form. [Image: A triangle split into 9 equal smaller triangles. 6 of them are shaded.],\( \frac{1}{3} \),"Yeah, I simplified 3/9 to 1/3!",True_Correct,
32_0,31772,What fraction of the shape is not shaded? Give your answer in its simplest form. [Image: A triangle split into 9 equal smaller triangles. 6 of them are shaded.],\( \frac{1}{3} \),It's like one out of three!,True_Neither,
32_1,31772,What fraction of the shape is not shaded? Give your answer in its simplest form. [Image: A triangle split into 9 equal smaller triangles. 6 of them are shaded.],\( \frac{1}{3} \),It looks like one-third isn't shaded!,True_Neither,
32_2,31772,What fraction of the shape is not shaded? Give your answer in its simplest form. [Image: A triangle split into 9 equal smaller triangles. 6 of them are shaded.],\( \frac{1}{3} \),My teacher said thirds are simple!,True_Neither,
32_3,31772,What fraction of the shape is not shaded? Give your answer in its simplest form. [Image: A triangle split into 9 equal smaller triangles. 6 of them are shaded.],\( \frac{1}{3} \),Three out of nine triangles are unshaded.,True_Neither,
32_4,31772,What fraction of the shape is not shaded? Give your answer in its simplest form. [Image: A triangle split into 9 equal smaller triangles. 6 of them are shaded.],\( \frac{1}{3} \),It's one-third because three triangles are unshaded!,True_Neither,
32_5,31772,What fraction of the shape is not shaded? Give your answer in its simplest form. [Image: A triangle split into 9 equal smaller triangles. 6 of them are shaded.],\( \frac{1}{3} \),"Um, I think… like, one third? It looks kinda right.",True_Neither,
32_6,31772,What fraction of the shape is not shaded? Give your answer in its simplest form. [Image: A triangle split into 9 equal smaller triangles. 6 of them are shaded.],\( \frac{1}{3} \),"Yeah, I see three p...",True_Neither,
32_7,31772,What fraction of the shape is not shaded? Give your answer in its simplest form. [Image: A triangle split into 9 equal smaller triangles. 6 of them are shaded.],\( \frac{1}{3} \),My teacher said I can see one-third isn't shaded.,True_Neither,
32_8,31772,What fraction of the shape is not shaded? Give your answer in its simplest form. [Image: A triangle split into 9 equal smaller triangles. 6 of them are shaded.],\( \frac{1}{3} \),"Um, I see one… part not shaded?",True_Neither,
32_9,31772,What fraction of the shape is not shaded? Give your answer in its simplest form. [Image: A triangle split into 9 equal smaller triangles. 6 of them are shaded.],\( \frac{1}{3} \),It looks like one-th...,True_Neither,
33_0,31772,What fraction of the shape is not shaded? Give your answer in its simplest form. [Image: A triangle split into 9 equal smaller triangles. 6 of them are shaded.],\( \frac{1}{3} \),"Um, like, I think...",True_Correct,
33_1,31772,What fraction of the shape is not shaded? Give your answer in its simplest form. [Image: A triangle split into 9 equal smaller triangles. 6 of them are shaded.],\( \frac{1}{3} \),It looks right to me!,True_Correct,
33_2,31772,What fraction of the shape is not shaded? Give your answer in its simplest form. [Image: A triangle split into 9 equal smaller triangles. 6 of them are shaded.],\( \frac{1}{3} \),It looks like one-third t...,True_Correct,
33_3,31772,What fraction of the shape is not shaded? Give your answer in its simplest form. [Image: A triangle split into 9 equal smaller triangles. 6 of them are shaded.],\( \frac{1}{3} \),It looks like one-third to me!,True_Correct,
33_4,31772,What fraction of the shape is not shaded? Give your answer in its simplest form. [Image: A triangle split into 9 equal smaller triangles. 6 of them are shaded.],\( \frac{1}{3} \),"Yeah, like, one-thi...",True_Correct,
